{"type":"data","nodes":[null,{"type":"data","data":[{"people":1},[2,12,21,31,41,51,61,70],{"id":3,"name":4,"age":5,"email":6,"phone":7,"occupation":8,"city":9,"country":10,"bio":11},1,"Emma Thompson",32,"emma.thompson@email.com","+1 (555) 123-4567","Software Engineer","San Francisco","USA","Passionate about building scalable web applications and mentoring junior developers.",{"id":13,"name":14,"age":15,"email":16,"phone":17,"occupation":18,"city":19,"country":10,"bio":20},2,"James Chen",28,"james.chen@email.com","+1 (555) 234-5678","UX Designer","New York","Creative designer focused on user-centered design principles and accessibility.",{"id":22,"name":23,"age":24,"email":25,"phone":26,"occupation":27,"city":28,"country":29,"bio":30},3,"Sofia Rodriguez",35,"sofia.rodriguez@email.com","+34 612 345 678","Data Scientist","Barcelona","Spain","Specializing in machine learning and predictive analytics for healthcare applications.",{"id":32,"name":33,"age":34,"email":35,"phone":36,"occupation":37,"city":38,"country":39,"bio":40},4,"Liam O'Brien",41,"liam.obrien@email.com","+353 85 123 4567","Project Manager","Dublin","Ireland","Experienced in leading cross-functional teams and delivering complex software projects.",{"id":42,"name":43,"age":44,"email":45,"phone":46,"occupation":47,"city":48,"country":49,"bio":50},5,"Yuki Tanaka",29,"yuki.tanaka@email.com","+81 90-1234-5678","DevOps Engineer","Tokyo","Japan","Expert in cloud infrastructure, CI/CD pipelines, and container orchestration.",{"id":52,"name":53,"age":54,"email":55,"phone":56,"occupation":57,"city":58,"country":59,"bio":60},6,"Aisha Patel",26,"aisha.patel@email.com","+44 7700 900123","Marketing Specialist","London","UK","Digital marketing enthusiast with a focus on social media strategy and content creation.",{"id":62,"name":63,"age":64,"email":65,"phone":66,"occupation":67,"city":68,"country":10,"bio":69},7,"Marcus Johnson",38,"marcus.johnson@email.com","+1 (555) 345-6789","Product Manager","Seattle","Driving product vision and strategy for innovative SaaS solutions.",{"id":71,"name":72,"age":73,"email":74,"phone":75,"occupation":76,"city":77,"country":78,"bio":79},8,"Isabella Rossi",33,"isabella.rossi@email.com","+39 320 123 4567","Graphic Designer","Milan","Italy","Creating stunning visual identities for fashion and lifestyle brands."],"uses":{}}]}
